{
  "sources_present": [
    "RandomExaminer",
    "BayesianHeuristicExaminer",
    "DumbLLM (1.5B, no training)"
  ],
  "metrics": {
    "RandomExaminer": {
      "classification_accuracy": 0.0,
      "avg_info_gain_per_turn": 0.37858134193817283,
      "false_accusation_rate": 0.25,
      "false_exoneration_rate": 0.23,
      "terminal_posterior_correctness": 0.57,
      "calibration_ECE": 0.07162924032755985,
      "calibration_brier": 0.21365523015570367,
      "reward_mean": -0.030670420167564567,
      "reward_std": 0.4263318012756999,
      "parse_failure_rate": 0.0,
      "avg_turns_to_classify": 3.0
    },
    "BayesianHeuristicExaminer": {
      "classification_accuracy": 0.0,
      "avg_info_gain_per_turn": 0.35936888029673325,
      "false_accusation_rate": 0.39,
      "false_exoneration_rate": 0.0,
      "terminal_posterior_correctness": 0.61,
      "calibration_ECE": 0.10811079267797812,
      "calibration_brier": 0.1991950914104661,
      "reward_mean": 0.1829016521003496,
      "reward_std": 0.23055457301855292,
      "parse_failure_rate": 0.0,
      "avg_turns_to_classify": 4.0
    },
    "DumbLLM (1.5B, no training)": {
      "classification_accuracy": 0.0,
      "avg_info_gain_per_turn": 0.15251410660820205,
      "false_accusation_rate": 0.52,
      "false_exoneration_rate": 0.0,
      "terminal_posterior_correctness": 0.5133333333333333,
      "calibration_ECE": 0.05238996790816684,
      "calibration_brier": 0.22854336726913396,
      "reward_mean": -0.5800118310578182,
      "reward_std": 0.3884814392461443,
      "parse_failure_rate": 0.125,
      "avg_turns_to_classify": 3.7333333333333334
    }
  }
}